WKT,id
"MULTILINESTRING ((115.959389857369 309.14807844691,459.343502377179 486.940867670364,841.075079239303 561.892729793978,1369.22424722662 570.608062599049,1852.05368462758 532.260598256735,1974.06834389857 387.586073692552,2054.24940570523 394.558339936609))",1
