WKT,fid,Name,Angle,Distance
"POINT (1385.25048616028 569.335220517676)",-30,Profile_-30_Alpha,26.97,1320
"POINT (1225.32054425236 568.233414035117)",-30,Profile_-30_Beta,29.65,1160
"POINT (1315.30829305373 569.718360384975)",-30,Profile_-30_AlPlus1SD,28.22,1320
"POINT (1464.99935701889 563.001375178725)",-30,Profile_-30_AlMinus1SD,25.72,1320
"POINT (1544.74822787749 556.667529839775)",-30,Profile_-30_AlMinus2SD,24.47,1320
